{
  "training_data": {
    "steps": [
      0,
      1,
      2,
      3,
      4,
      5,
      6,
      7,
      8,
      9,
      10,
      11,
      12,
      13,
      14,
      15,
      16,
      17,
      18,
      19,
      20,
      21,
      22,
      23,
      24,
      25,
      26,
      27,
      28,
      29,
      30,
      31,
      32,
      33,
      34,
      35,
      36,
      37,
      38,
      39,
      40,
      41,
      42,
      43,
      44,
      45,
      46,
      47,
      48,
      49,
      50,
      51,
      52,
      53,
      54,
      55,
      56,
      57,
      58,
      59,
      60,
      61,
      62,
      63,
      64,
      65,
      66,
      67,
      68,
      69,
      70,
      71,
      72,
      73,
      74,
      75,
      76,
      77,
      78,
      79,
      80,
      81,
      82,
      83,
      84,
      85,
      86,
      87,
      88,
      89,
      90,
      91,
      92,
      93,
      94,
      95,
      96,
      97,
      98,
      99
    ],
    "train_loss": [
      4.011505126953125,
      3.5545401573181152,
      3.3565895557403564,
      3.20939564704895,
      3.1941022872924805,
      3.04131817817688,
      2.8540122509002686,
      2.8598577976226807,
      2.777047634124756,
      2.701673746109009,
      2.5503928661346436,
      2.413512945175171,
      2.2621028423309326,
      2.259004592895508,
      2.1318359375,
      2.039168119430542,
      2.084439754486084,
      1.89528489112854,
      1.855217456817627,
      1.8657455444335938,
      1.801823616027832,
      1.7102508544921875,
      1.7527767419815063,
      1.614598274230957,
      1.6324762105941772,
      1.5782400369644165,
      1.5255786180496216,
      1.6045693159103394,
      1.3123276233673096,
      1.5013797283172607,
      1.5010871887207031,
      1.448635220527649,
      1.325206995010376,
      1.2661570310592651,
      1.3790818452835083,
      1.3298166990280151,
      1.2235854864120483,
      1.3054282665252686,
      1.3458822965621948,
      1.2230417728424072,
      1.2260125875473022,
      1.2048627138137817,
      1.287278413772583,
      1.1326088905334473,
      1.0600181818008423,
      1.2807420492172241,
      1.033023476600647,
      1.052537202835083,
      1.0760058164596558,
      0.9621919393539429,
      0.9997458457946777,
      1.0033990144729614,
      1.1214243173599243,
      1.0379509925842285,
      1.0588243007659912,
      1.0406899452209473,
      1.1214977502822876,
      1.0714960098266602,
      1.1246200799942017,
      1.0617425441741943,
      0.9943042397499084,
      1.0531233549118042,
      1.0481035709381104,
      1.0268821716308594,
      1.100325584411621,
      0.9656547904014587,
      0.9966080188751221,
      0.9771689772605896,
      0.9941381812095642,
      0.9288610219955444,
      0.9427547454833984,
      0.9877315759658813,
      0.9352962970733643,
      0.9713295698165894,
      0.8944388628005981,
      0.9593073725700378,
      0.9951666593551636,
      0.9337572455406189,
      1.0734407901763916,
      0.9797557592391968,
      1.0462846755981445,
      0.9434159994125366,
      0.9315430521965027,
      0.8158290982246399,
      0.9580186009407043,
      0.9861025214195251,
      0.930294930934906,
      0.9159658551216125,
      0.9329843521118164,
      0.9500412344932556,
      0.8798112869262695,
      0.8471336364746094,
      0.8721864223480225,
      0.8923982381820679,
      0.8635414242744446,
      0.9316363334655762,
      0.9854925870895386,
      0.889471709728241,
      0.9225959777832031,
      0.8411446213722229
    ],
    "val_loss": [
      3.598827838897705,
      3.5035061836242676,
      4.1826934814453125,
      14.792243003845215,
      3.127488613128662,
      2.947408437728882,
      3.083176851272583,
      15.205641746520996,
      3.0234932899475098,
      3.4921364784240723,
      2.444319009780884,
      2.7639238834381104,
      2.3992502689361572,
      2.2190988063812256,
      2.32096266746521,
      2.1707651615142822,
      2.1683058738708496,
      2.159181833267212,
      2.510133981704712,
      1.863689661026001,
      1.9949771165847778,
      1.8382488489151,
      1.8378602266311646,
      1.9349181652069092,
      1.8148787021636963,
      1.8363689184188843,
      1.8557754755020142,
      2.0441014766693115,
      1.9383093118667603,
      1.78291916847229,
      1.6229243278503418,
      1.9762266874313354,
      1.7985459566116333,
      1.809895396232605,
      1.6846024990081787,
      1.6112831830978394,
      1.556135654449463,
      1.4799035787582397,
      1.8622939586639404,
      1.5382107496261597,
      1.6913567781448364,
      1.4564110040664673,
      1.5306378602981567,
      1.5738006830215454,
      1.5804506540298462,
      1.487269401550293,
      1.437113881111145,
      1.444021463394165,
      1.412789225578308,
      1.3820289373397827,
      1.381692886352539,
      1.4067292213439941,
      1.5058362483978271,
      1.4828823804855347,
      1.4546664953231812,
      1.3670681715011597,
      1.311692476272583,
      1.3005491495132446,
      1.4501571655273438,
      1.3559355735778809,
      1.429566740989685,
      1.32603919506073,
      1.3187617063522339,
      1.3401446342468262,
      1.3151761293411255,
      1.3659921884536743,
      1.289846420288086,
      1.333537220954895,
      1.2839133739471436,
      1.251515507698059,
      1.2569870948791504,
      1.2417761087417603,
      1.3072161674499512,
      1.2386717796325684,
      1.2176157236099243,
      1.2366856336593628,
      1.2720518112182617,
      1.2202372550964355,
      1.2151492834091187,
      1.2445886135101318,
      1.248085618019104,
      1.2233635187149048,
      1.2058674097061157,
      1.2010432481765747,
      1.197474718093872,
      1.2035210132598877,
      1.2142077684402466,
      1.217197060585022,
      1.1911574602127075,
      1.1985461711883545,
      1.1959006786346436,
      1.19146728515625,
      1.1958637237548828,
      1.1846600770950317,
      1.174477219581604,
      1.1807541847229004,
      1.1864569187164307,
      1.1823028326034546,
      1.1912294626235962,
      1.186519980430603
    ],
    "val_accuracy": [
      8.0,
      16.0,
      16.25,
      5.0,
      18.25,
      24.75,
      28.25,
      8.0,
      25.25,
      22.5,
      43.0,
      34.25,
      45.75,
      52.25,
      47.5,
      57.25,
      53.0,
      54.0,
      46.5,
      63.5,
      62.0,
      65.75,
      66.25,
      60.25,
      63.25,
      64.75,
      61.25,
      58.75,
      62.75,
      64.25,
      68.25,
      62.5,
      65.5,
      68.0,
      67.25,
      73.5,
      73.75,
      75.0,
      66.0,
      74.0,
      67.75,
      77.25,
      72.5,
      75.5,
      74.5,
      75.75,
      75.0,
      76.0,
      78.5,
      81.0,
      78.75,
      77.0,
      75.5,
      75.75,
      75.0,
      77.5,
      82.5,
      78.75,
      76.25,
      78.5,
      76.5,
      79.5,
      79.5,
      79.75,
      82.0,
      78.25,
      82.25,
      79.75,
      81.5,
      81.75,
      82.25,
      83.5,
      81.0,
      83.25,
      83.75,
      84.25,
      82.25,
      83.25,
      83.25,
      82.5,
      84.5,
      83.0,
      83.75,
      83.0,
      85.0,
      84.5,
      82.75,
      84.0,
      85.5,
      85.25,
      83.75,
      84.75,
      83.75,
      84.5,
      84.25,
      84.75,
      84.25,
      84.75,
      84.75,
      84.75
    ],