{
  "metrics": {
    "Loss/Train": {
      "steps": [
        0,
        1,
        2,
        3
      ],
      "values": [
        3.844834327697754,
        3.5448460578918457,
        3.4513397216796875,
        3.3333394527435303
      ],
      "wall_times": [
        1753047416.3208714,
        1753047480.3318627,
        1753047543.4132135,
        1753047606.913176
      ]
    },
    "Learning_Rate": {
      "steps": [
        0,
        1,
        2,
        3
      ],
      "values": [
        0.00012717269419226795,
        0.0002640548045746982,
        0.0004771940584760159,
        0.000745643861591816
      ],
      "wall_times": [
        1753047416.3209927,
        1753047480.3319454,
        1753047543.4135356,
        1753047606.913344
      ]
    },
    "Loss/Validation": {
      "steps": [
        0,
        1,
        2,
        3
      ],
      "values": [
        3.5073139667510986,
        3.818722724914551,
        4.161046504974365,
        3.2846813201904297
      ],
      "wall_times": [
        1753047424.910193,
        1753047488.69307,
        1753047551.5137837,
        1753047615.4516356
      ]
    },
    "Accuracy/Validation": {
      "steps": [
        0,
        1,
        2,
        3
      ],
      "values": [
        10.5,
        10.0,
        10.0,
        15.5
      ],
      "wall_times": [
        1753047424.9103057,
        1753047488.6931324,
        1753047551.5140917,
        1753047615.4517264
      ]
    }
  },
  "metadata": {
    "file_path": "tensorboard_logs/run_20250720_213556/events.out.tfevents.1753047356.modal.2.0",
    "total_steps": 3,
    "start_time": 1753047416.3208714,
    "end_time": 1753047615.4517264
  }
}